scenario_id,n_rows,p_mean,p_std,pct_floor,pct_ceil,diverged
1,1800,21.84823836388889,2.1894250304984033,0.0,0.0,False
2,5400,21.580608130555557,2.331868846043897,0.0,0.0,False
3,1800,22.05540950833333,2.247074823004685,0.0,0.0,False
4,1800,22.069709891666665,2.321407372182801,0.0,0.0,False
5,1800,21.990224533333333,2.2014743777592183,0.0,0.0,False
6,5400,21.864530335185187,2.4328857303839966,0.0,0.0,False
7,5400,21.827210374074074,2.4428219663518425,0.0,0.0,False
8,5400,21.591048594444448,2.2375888898756764,0.0,0.0,False
9,5400,21.856667667592593,2.419814189688624,0.0,0.0,False
10,5400,21.622296543518516,2.2442361763275316,0.0,0.0,False
11,5400,21.681065383333333,2.3878978459147837,0.0,0.0,False
12,5400,21.597555737962963,2.2269941452646855,0.0,0.0,False
13,5400,21.913822512962966,2.5439889223756857,0.0,0.0,False
14,5400,21.89679928981482,2.5132888292576063,0.0,0.0,False
15,5400,21.809348675,2.347249424011697,0.0,0.0,False
16,5400,21.691521291666664,2.4272454364663574,0.0,0.0,False
17,5400,21.84488523703704,2.4496988909111868,0.0,0.0,False
18,5400,21.526627696296295,2.1428680435707665,0.0,0.0,False
19,1800,21.94629502777778,2.186725793866445,0.0,0.0,False
20,5400,21.691131713888893,2.1983899838314054,0.0,0.0,False
21,1800,21.71545246111111,2.2046988800941474,0.0,0.0,False
22,1800,21.78280326666667,2.3243735209641603,0.0,0.0,False
23,5400,21.85874107407408,2.280018386676949,0.0,0.0,False
24,5400,21.795323970370376,2.369581982125605,0.0,0.0,False
25,1800,22.016539877777777,2.277322121964691,0.0,0.0,False
26,1800,21.8935069,2.1329401923558087,0.0,0.0,False
27,5400,21.62114184814815,2.1990376886547676,0.0,0.0,False
28,1800,21.932289575000002,2.2220167079289674,0.0,0.0,False
29,1800,21.87000906388889,2.3165448697706896,0.0,0.0,False
30,5400,21.77256005092592,2.329137572138757,0.0,0.0,False
31,3600,21.749864674999998,2.4167874433226735,0.0,0.0,False
32,3600,21.937597909722225,2.349395155564026,0.0,0.0,False
33,3600,21.770545913888885,2.364294574729009,0.0,0.0,False
35,3600,21.579284602777776,2.24331189456723,0.0,0.0,False
36,3600,21.855857606944447,2.316784175896126,0.0,0.0,False
37,3600,21.606613766666666,2.4876729129879775,0.0,0.0,False
40,3600,21.951772579166665,2.4563610523258257,0.0,0.0,False
41,3600,21.80193683472222,2.4313177609463277,0.0,0.0,False
42,3600,21.765358247222224,2.417388288207793,0.0,0.0,False
43,3600,22.004695475000002,2.610197064374498,0.0,0.0,False
44,3600,21.532676805555557,2.2706274365040153,0.0,0.0,False
45,3600,21.91802519166667,2.4233509494437864,0.0,0.0,False
48,3600,21.6372273125,2.30678602542236,0.0,0.0,False
49,3600,21.659513863888886,2.2685181089954503,0.0,0.0,False
50,3600,21.770581004166665,2.6024653934463156,0.0,0.0,False
51,3600,21.796809543055552,2.4301589361474125,0.0,0.0,False
52,3600,21.858749370833333,2.436392085966664,0.0,0.0,False
53,3600,21.4903268625,2.2399513512129605,0.0,0.0,False
54,3600,21.69019857777778,2.2904417545777616,0.0,0.0,False
55,3600,21.79011514722222,2.5891761173237042,0.0,0.0,False
58,3600,21.962931490277782,2.527849261392182,0.0,0.0,False
59,3600,21.627573870833334,2.367046291999721,0.0,0.0,False
61,3600,22.125525747222223,2.6985862027719714,0.0,0.0,False
62,3600,21.549856725,2.2988106576051925,0.0,0.0,False
63,3600,21.493520345833332,2.1834634819578294,0.0,0.0,False
64,3600,21.87136473055556,2.6343331096119433,0.0,0.0,False
65,3600,21.372672831944445,2.412792693816322,0.0,0.0,False
66,3600,21.780210244444444,2.2499352099966856,0.0,0.0,False
67,3600,21.87746856388889,2.4354731606279287,0.0,0.0,False
68,3600,21.35854135972222,2.3138693563338064,0.0,0.0,False
69,3600,21.638599075,2.451369349645776,0.0,0.0,False
73,3600,21.731957859722222,2.567844343076969,0.0,0.0,False
74,3600,21.82165867222222,2.3985015414204307,0.0,0.0,False
75,3600,21.33995066527778,2.2198709522816866,0.0,0.0,False
76,3600,21.589512384722223,2.285059966178941,0.0,0.0,False
77,3600,21.618072216666665,2.3308738784613303,0.0,0.0,False
78,3600,21.66707956111111,2.373606050845662,0.0,0.0,False
80,3600,21.60161063888889,2.2553348846620276,0.0,0.0,False
82,3600,21.729010931944444,2.589327986250072,0.0,0.0,False
86,3600,21.379163225,2.2590858978722737,0.0,0.0,False
87,3600,21.685956370833335,2.2881001806065906,0.0,0.0,False
88,3600,21.756306356944446,2.3304091102164888,0.0,0.0,False
91,3600,21.861459601388887,2.5784936975513397,0.0,0.0,False
92,3600,21.618512540277777,2.2928014839051984,0.0,0.0,False
95,3600,21.43831158333333,2.257958523908573,0.0,0.0,False
96,3600,21.70397362222222,2.398673393825114,0.0,0.0,False
97,3600,22.122534131944445,2.6808214519539084,0.0,0.0,False
98,3600,21.765935958333333,2.3431417127881007,0.0,0.0,False
99,3600,21.743971470833333,2.4018774915816383,0.0,0.0,False
101,3600,21.75401729861111,2.4697586401443288,0.0,0.0,False
102,3600,21.693011230555555,2.421181832579618,0.0,0.0,False
103,3600,21.593270259722225,2.35211350641316,0.0,0.0,False
104,3600,21.88568046388889,2.5004617150613417,0.0,0.0,False
105,3600,21.633887277777777,2.2795861139712112,0.0,0.0,False
107,3600,21.524609390277778,2.263423984764568,0.0,0.0,False
108,3600,21.597981423611113,2.2827998136009917,0.0,0.0,False
109,3600,21.648280816666666,2.583514290049516,0.0,0.0,False
110,3600,21.49818522777778,2.3279525238405676,0.0,0.0,False
111,3600,21.480310295833334,2.2268418565162515,0.0,0.0,False
112,3600,21.60533246111111,2.4423197139971364,0.0,0.0,False
113,3600,21.96541351111111,2.462365424401618,0.0,0.0,False
116,3600,21.826315233333332,2.3960009619072458,0.0,0.0,False
117,3600,21.7047954625,2.4343323052923784,0.0,0.0,False
118,3600,21.710035902777776,2.40220568129084,0.0,0.0,False
119,3600,21.924479199999997,2.5253557855895656,0.0,0.0,False
121,3600,21.68339952638889,3.3466473636568437,0.0,0.0,False
122,3600,20.966180722222223,2.9522128377499457,0.0,0.0,False
123,3600,21.272098263888893,3.0345577925807934,0.0,0.0,False
125,3600,20.959904395833334,3.0231195162626827,0.0,0.0,False
126,3600,21.35781019166667,3.0150026657668363,0.0,0.0,False
127,3600,21.468697159722222,3.1744013254354777,0.0,0.0,False
128,3600,21.249864098611113,3.1046442226068276,0.0,0.0,False
129,3600,21.25334745,3.1024033896476304,0.0,0.0,False
130,3600,21.46000236111111,3.265299320506422,0.0,0.0,False
131,3600,21.347745233333335,3.094407724549338,0.0,0.0,False
132,3600,20.97052581944444,2.9258795725706848,0.0,0.0,False
134,3600,21.225242393055556,2.9545171469493905,0.0,0.0,False
135,3600,21.093978691666663,2.9976359299781015,0.0,0.0,False
139,3600,21.340624155555552,3.259230577462069,0.0,0.0,False
141,3600,21.3811574,3.2092568160530157,0.0,0.0,False
142,3600,21.427549241666668,3.1932418838850958,0.0,0.0,False
144,3600,21.450433005555553,3.3070543015320664,0.0,0.0,False
146,3600,21.528400509722225,3.2402013679772352,0.0,0.0,False
148,3600,21.26301475555556,3.3155268933192783,0.0,0.0,False
149,3600,21.278082333333334,2.9818825405762923,0.0,0.0,False
150,3600,21.304806480555555,3.0905587573922353,0.0,0.0,False
151,3600,21.175408519444442,3.06957187745438,0.0,0.0,False
152,3600,21.177973908333335,3.042686616821245,0.0,0.0,False
153,3600,21.522378629166667,3.2376458681801044,0.0,0.0,False
154,3600,21.105774177777775,2.8746220586651603,0.0,0.0,False
155,3600,21.422810306944445,3.512544751234616,0.0,0.0,False
158,3600,21.121405031944445,2.957148354909316,0.0,0.0,False
160,3600,21.146497743055555,3.1336263958310684,0.0,0.0,False
162,3600,21.64360455972222,3.28829991702892,0.0,0.0,False
164,3600,20.9717165,2.9757585315423687,0.0,0.0,False
165,3600,21.28149109861111,3.2589945755386083,0.0,0.0,False
166,3600,21.329686097222222,3.016949419135355,0.0,0.0,False
168,3600,21.2170959125,3.1369558138905567,0.0,0.0,False
169,3600,20.933029623611112,3.017752210988535,0.0,0.0,False
173,3600,21.328352816666666,3.1722347306841048,0.0,0.0,False
174,3600,21.53834216388889,3.362433179065419,0.0,0.0,False
176,3600,21.578118105555554,3.2994079106748613,0.0,0.0,False
177,3600,21.11739122638889,3.1174255735671803,0.0,0.0,False
179,3600,21.584526894444444,3.6198736780564396,0.0,0.0,False
180,3600,21.526917826388893,3.2193474766072763,0.0,0.0,False
181,3600,21.23237319861111,3.106740307718605,0.0,0.0,False
184,3600,21.21984752361111,2.9125305638001904,0.0,0.0,False
185,3600,21.1105403375,3.1325932761661472,0.0,0.0,False
187,3600,21.348766481944445,3.0380956199115663,0.0,0.0,False
188,3600,21.343177276388886,3.0569131649825283,0.0,0.0,False
190,3600,21.43696392777778,3.1418390826187674,0.0,0.0,False
192,3600,21.35706139166667,3.1582203370281197,0.0,0.0,False
193,3600,21.218069879166666,3.2090047508084942,0.0,0.0,False
194,3600,21.686606925,3.2751855015156672,0.0,0.0,False
195,3600,21.611540847222223,3.1595015333424747,0.0,0.0,False
197,3600,20.30422541527778,3.3160118888613406,0.0,0.0,False
198,3600,20.34496305972222,2.874197349300177,0.0,0.0,False
200,3600,20.392424130555558,3.2213525715003444,0.0,0.0,False
202,3600,20.001183468055554,2.9281693354145064,0.0,0.0,False
203,3600,20.033850454166668,2.9697095697165246,0.0,0.0,False
204,3600,20.12454927916667,3.110984962705235,0.0,0.0,False
205,3600,20.595740850000002,3.3750732926876563,0.0,0.0,False
206,3600,20.054108165277775,3.0709176014314554,0.0,0.0,False
207,3600,20.27419248611111,3.1967902688995786,0.0,0.0,False
208,3600,20.062928704166666,2.9740095275612513,0.0,0.0,False
209,3600,19.746479856944443,2.93968603276532,0.0,0.0,False
210,3600,20.25452119583333,3.034449097025189,0.0,0.0,False
211,3600,19.760159151388887,2.9275551480219097,0.0,0.0,False
212,3600,20.090204947222222,3.027409468807215,0.0,0.0,False
214,3600,20.30449946111111,3.033860609533895,0.0,0.0,False
215,3600,19.76205515694444,2.8490851141982727,0.0,0.0,False
216,3600,20.278006502777778,3.0240738473775264,0.0,0.0,False
217,3600,20.037574411111112,3.139518613814764,0.0,0.0,False
218,3600,20.107348181944445,3.0131420097960544,0.0,0.0,False
219,3600,20.197023280555555,3.1567826263653602,0.0,0.0,False
220,3600,20.06364096388889,2.8864962714513926,0.0,0.0,False
223,3600,20.094504854166665,3.259256410646865,0.0,0.0,False
225,3600,19.950501602777777,3.001823273923504,0.0,0.0,False
226,3600,20.264458520833333,3.129170730040177,0.0,0.0,False
227,3600,20.315826791666666,3.184806985320388,0.0,0.0,False
228,3600,20.00076707777778,2.9029180232038385,0.0,0.0,False
229,3600,20.704355956944447,3.402770282650114,0.0,0.0,False
230,3600,20.352411570833333,3.1117584850748656,0.0,0.0,False
231,3600,20.199427937499998,3.148989969217232,0.0,0.0,False
233,3600,20.109261736111115,3.2359929983368385,0.0,0.0,False
234,3600,20.60905914722222,3.140988285835977,0.0,0.0,False
235,3600,19.964509306944443,3.152779345963198,0.0,0.0,False
237,3600,20.147260562499998,3.1037084941698,0.0,0.0,False
238,3600,20.456732997222222,3.106789399634303,0.0,0.0,False
240,3600,20.268103558333333,2.976245494575731,0.0,0.0,False
241,3600,20.14469069583333,3.099382621302447,0.0,0.0,False
242,3600,20.206093576388888,3.04428713996862,0.0,0.0,False
243,3600,19.688672690277777,3.0182116352344472,0.0,0.0,False
245,3600,20.10625676388889,3.1905884820770263,0.0,0.0,False
246,3600,20.345612044444444,3.030169575132478,0.0,0.0,False
249,3600,20.127629965277777,3.163647172410569,0.0,0.0,False
251,3600,20.043291069444443,3.1145096198560824,0.0,0.0,False
253,3600,20.354612113888887,3.051818076908133,0.0,0.0,False
254,3600,20.43148037916667,3.027100540274407,0.0,0.0,False
255,3600,20.28995322361111,3.282890927184732,0.0,0.0,False
256,3600,20.09236807222222,2.9954019214396306,0.0,0.0,False
257,3600,20.27091403055556,3.197899072282862,0.0,0.0,False
259,3600,20.002939125,3.142568848689372,0.0,0.0,False
260,3600,20.515488131944444,3.3152345309779294,0.0,0.0,False
261,3600,20.644145672222223,3.3584735824650216,0.0,0.0,False
264,3600,20.086473954166667,2.934319622276617,0.0,0.0,False
265,3600,20.221939540277777,3.279426180791565,0.0,0.0,False
266,3600,20.069744895833335,3.289966919780721,0.0,0.0,False
267,3600,20.121401329166666,3.2567288275475446,0.0,0.0,False
268,3600,20.405266769444445,3.0885903735267966,0.0,0.0,False
269,3600,20.159505034722223,3.187480362862877,0.0,0.0,False
270,3600,20.07788282916667,3.1281537754535327,0.0,0.0,False
271,3600,20.300077645833333,3.239240802161208,0.0,0.0,False
272,3600,20.284825141666666,3.2089932065073614,0.0,0.0,False
276,3600,20.431391845833332,3.260597732393051,0.0,0.0,False
277,3600,20.360614227777774,3.2840585920081526,0.0,0.0,False
278,3600,20.5001709,2.9898256233915625,0.0,0.0,False
279,3600,20.26412538472222,3.304538143923054,0.0,0.0,False
